{"cameraMode":{"drawMode":0,"name":"Shaded","section":"Shading Mode"},"sceneLighting":true,"audioPlay":false,"sceneViewState":{"m_AlwaysRefresh":false,"showFog":true,"showSkybox":true,"showFlares":true,"showImageEffects":true,"showParticleSystems":true,"showVisualEffectGraphs":true,"m_FxEnabled":true},"in2DMode":false,"pivot":{"x":1771.531494140625,"y":360.14996337890627,"z":3817.08251953125},"rotation":{"x":0.018278932198882104,"y":0.056712061166763309,"z":-0.001050286111421883,"w":0.9982419610023499},"size":2877.925537109375,"orthographic":false}