{"cameraMode":{"drawMode":0,"name":"Shaded","section":"Shading Mode"},"sceneLighting":true,"audioPlay":false,"sceneViewState":{"m_AlwaysRefresh":false,"showFog":true,"showSkybox":true,"showFlares":true,"showImageEffects":true,"showParticleSystems":true,"showVisualEffectGraphs":true,"m_FxEnabled":true},"in2DMode":false,"pivot":{"x":1377.37646484375,"y":532.8414916992188,"z":3868.37744140625},"rotation":{"x":0.018278932198882104,"y":0.056712061166763309,"z":-0.001050286111421883,"w":0.9982419610023499},"size":2248.451904296875,"orthographic":false}