{"cameraMode":{"drawMode":0,"name":"Shaded","section":"Shading Mode"},"sceneLighting":true,"audioPlay":false,"sceneViewState":{"m_AlwaysRefresh":false,"showFog":true,"showSkybox":true,"showFlares":true,"showImageEffects":true,"showParticleSystems":true,"showVisualEffectGraphs":true,"m_FxEnabled":true},"in2DMode":false,"pivot":{"x":6.009212493896484,"y":1.6710251569747925,"z":1.3827600479125977},"rotation":{"x":-0.056523680686950687,"y":-0.5507048964500427,"z":0.03736668825149536,"w":-0.8319641351699829},"size":6.879782199859619,"orthographic":false}