{"cameraMode":{"drawMode":0,"name":"Shaded","section":"Shading Mode"},"sceneLighting":true,"audioPlay":false,"sceneViewState":{"m_AlwaysRefresh":false,"showFog":true,"showSkybox":true,"showFlares":true,"showImageEffects":true,"showParticleSystems":true,"showVisualEffectGraphs":true,"m_FxEnabled":true},"in2DMode":false,"pivot":{"x":1.9946454763412476,"y":-2.0610055923461916,"z":0.17107629776000977},"rotation":{"x":-0.01457621343433857,"y":-0.9004613161087036,"z":0.4336513876914978,"w":-0.03024396114051342},"size":5.110208988189697,"orthographic":false}